model_name,num_model_params,validation_accuracy
EfficientNetB1,6575239,0.22038979828357697
RegNetY080,37248812,0.24587705731391907
EfficientNetB3,10783535,0.24737630784511566
EfficientNetV2B0,5919312,0.24887555837631226
RegNetX032,14350112,0.265367329120636
EfficientNetB2,7768569,0.2923538088798523
RegNetX064,24658464,0.29685157537460327
RegNetX040,20833312,0.30284857749938965
RegNetY004,3930296,0.30284857749938965
RegNetY006,5475920,0.30284857749938965
RegNetY008,5524056,0.30284857749938965
EfficientNetV2M,53150388,0.30284857749938965
EfficientNetV2L,117746848,0.30284857749938965
RegNetX002,2336640,0.30284857749938965
RegNetY016,10366102,0.30284857749938965
RegNetY002,2814844,0.30284857749938965
RegNetX004,4809184,0.30284857749938965
RegNetY032,17989498,0.30284857749938965
RegNetY040,19619928,0.30284857749938965
RegNetX006,5700320,0.30284857749938965
RegNetY064,29368684,0.30284857749938965
RegNetX120,43961440,0.30284857749938965
EfficientNetB0,4049571,0.30434781312942505
EfficientNetV2B3,12930622,0.30434781312942505
MobileNetV3Small,939120,0.30584707856178284
RegNetX008,6623968,0.30734631419181824
EfficientNetB6,40960143,0.30734631419181824
RegNetX016,8320640,0.308845579624176
ResNetRS50,33696288,0.308845579624176
EfficientNetB7,64097687,0.3103448152542114
EfficientNetV2B2,8769374,0.3118440806865692
RegNetY120,49677928,0.3133433163166046
EfficientNetB4,17673823,0.3148425817489624
EfficientNetV2B1,6931124,0.319340318441391
RegNetX080,37742112,0.33133432269096375
RegNetY160,80687956,0.3643178343772888
ResNetRS101,61675296,0.3643178343772888
ResNet152,58370944,0.367316335439682
ResNet101,42658176,0.37481260299682617
RegNetY320,141492058,0.37781110405921936
MobileNetV3Large,2996352,0.38530734181404114
RegNetX320,105452576,0.3883058428764343
EfficientNetB5,28513527,0.3928036093711853
RegNetX160,52340704,0.40179911255836487
ResNet50,23587712,0.4182908535003662
EfficientNetV2S,20331360,0.4512743651866913
ConvNeXtSmall,49454688,0.4557721018791199
ResNetRS350,162219360,0.46326836943626404
ResNetRS200,91337248,0.46476760506629944
ResNetRS152,84724256,0.47826087474823
ResNetRS420,190213216,0.48725637793540955
ResNetRS270,128055520,0.5277361273765564
ConvNeXtTiny,27820128,0.5802099108695984
VGG16,14714688,0.6806596517562866
VGG19,20024384,0.6881559491157532
ConvNeXtLarge,196230336,0.7511244416236877
ConvNeXtBase,87566464,0.7541229128837585
ConvNeXtXLarge,348147968,0.8650674819946289
InceptionV3,21802784,0.883058488368988
ResNet152V2,58331648,0.8965517282485962
ResNet50V2,23564800,0.9010494947433472
NASNetMobile,4269716,0.9070464968681335
ResNet101V2,42626560,0.9145427346229553
DenseNet121,7037504,0.9175412058830261
MobileNet,3228864,0.9205397367477417
InceptionResNetV2,54336736,0.9220389723777771
MobileNetV2,2257984,0.9235382080078125
Xception,20861480,0.9235382080078125
DenseNet201,18321984,0.9340329766273499
DenseNet169,12642880,0.9370315074920654
NASNetLarge,84916818,0.95652174949646
