                  epoch,         train/box_loss,         train/cls_loss,         train/dfl_loss,   metrics/precision(B),      metrics/recall(B),       metrics/mAP50(B),    metrics/mAP50-95(B),           val/box_loss,           val/cls_loss,           val/dfl_loss,                 lr/pg0,                 lr/pg1,                 lr/pg2
                      0,                 3.0774,                 4.2723,                 4.2429,                 0.0015,                 0.4213,                0.00328,                0.00097,                 2.6404,                 4.2415,                 4.0868,                 0.0706,              0.0032667,              0.0032667
                      1,                  3.066,                 3.9933,                 4.1346,                 0.0015,                0.41898,                0.00331,                0.00089,                 2.6401,                 4.1277,                 4.0384,               0.040469,              0.0064693,              0.0064693
                      2,                 3.0282,                 3.5016,                 3.8898,                0.28224,                0.10648,                0.07291,                0.02628,                 2.6254,                  3.998,                 3.8905,               0.010207,                0.00954,                0.00954
                      3,                 2.9477,                 3.3257,                 3.5805,                0.02178,                0.46065,                0.01231,                0.00349,                 3.2094,                 210.49,                 7.8757,               0.009406,               0.009406,               0.009406
                      4,                 2.7635,                 3.0793,                  3.301,                0.54724,                0.11111,                0.06925,                0.02701,                 2.4017,                 5.3388,                 3.6856,               0.009406,               0.009406,               0.009406
                      5,                 2.5768,                  2.814,                 3.0912,                0.41239,                0.13657,                0.14631,                0.04976,                 2.3491,                 3.6224,                 3.4308,               0.009208,               0.009208,               0.009208
                      6,                 2.4769,                 2.6348,                 3.0171,                0.21106,                 0.4213,                0.22367,                0.09572,                 2.2643,                 2.8688,                 3.1652,                0.00901,                0.00901,                0.00901
                      7,                 2.3624,                  2.545,                 2.9286,                0.40118,                0.37639,                0.29627,                0.11906,                 2.3819,                 2.7927,                  3.197,               0.008812,               0.008812,               0.008812
                      8,                  2.275,                 2.4215,                 2.8105,                0.36224,                0.34491,                0.30268,                0.13103,                 2.3188,                 3.0227,                 3.0647,               0.008614,               0.008614,               0.008614
                      9,                 2.2071,                 2.3264,                 2.7531,                0.34028,                0.47917,                 0.3534,                0.11816,                 2.2899,                 3.3108,                 3.0585,               0.008416,               0.008416,               0.008416
                     10,                 2.1285,                 2.2448,                 2.7031,                0.42945,                0.51389,                0.43122,                0.16418,                 2.1424,                 2.3902,                 2.9046,               0.008218,               0.008218,               0.008218
                     11,                 2.0529,                 2.1935,                 2.5964,                 0.3946,                0.48907,                0.47436,                0.22417,                 1.9869,                 2.8494,                 2.6962,                0.00802,                0.00802,                0.00802
                     12,                 1.9849,                   2.11,                 2.5265,                0.58566,                0.48662,                0.55991,                0.24901,                 1.8658,                 2.5704,                 2.5117,               0.007822,               0.007822,               0.007822
                     13,                 1.9723,                 2.0351,                 2.4662,                0.40399,                0.52546,                0.48667,                0.19641,                 2.0461,                 2.3205,                 2.6839,               0.007624,               0.007624,               0.007624
                     14,                 1.9225,                 1.9979,                 2.4228,                0.53194,                0.58565,                0.58228,                0.28601,                 1.8677,                 2.1884,                 2.5879,               0.007426,               0.007426,               0.007426
                     15,                 1.8787,                 1.9164,                 2.3829,                0.69784,                0.52083,                 0.6336,                  0.305,                 1.8527,                 1.8232,                 2.4146,               0.007228,               0.007228,               0.007228
                     16,                 1.8234,                 1.8367,                 2.2885,                0.39822,                  0.625,                 0.5432,                0.24144,                  1.753,                 2.0661,                 2.4038,                0.00703,                0.00703,                0.00703
                     17,                 1.8042,                 1.8823,                 2.2886,                0.58694,                0.35156,                0.42911,                0.20369,                 1.8935,                 2.3787,                 2.6626,               0.006832,               0.006832,               0.006832
                     18,                 1.7882,                 1.8115,                 2.2725,                 0.6258,                 0.7236,                0.66926,                0.32097,                 1.8118,                 1.7389,                 2.3933,               0.006634,               0.006634,               0.006634
                     19,                 1.7161,                 1.7074,                 2.2144,                 0.6447,                0.59722,                0.67021,                0.31935,                 1.7584,                  1.821,                  2.337,               0.006436,               0.006436,               0.006436
                     20,                 1.7001,                 1.6041,                 2.1675,                0.60972,                 0.5612,                0.61162,                0.28227,                 1.8087,                 1.8943,                 2.3515,               0.006238,               0.006238,               0.006238
                     21,                 1.6708,                 1.6403,                 2.1455,                 0.6617,                 0.6875,                0.73576,                0.37209,                 1.7218,                 1.6543,                 2.2591,                0.00604,                0.00604,                0.00604
                     22,                 1.6387,                 1.6222,                  2.117,                0.77355,                0.65853,                0.70313,                0.37221,                 1.7046,                 1.7628,                 2.2954,               0.005842,               0.005842,               0.005842
                     23,                 1.6274,                 1.5852,                  2.101,                0.75752,                0.66205,                0.73344,                0.38347,                 1.6393,                 1.6921,                 2.2007,               0.005644,               0.005644,               0.005644
                     24,                 1.5996,                  1.524,                 2.0574,                0.74273,                0.75532,                0.78179,                0.43255,                 1.5686,                 1.4925,                 2.1284,               0.005446,               0.005446,               0.005446
                     25,                 1.5648,                 1.4694,                 2.0342,                0.67694,                 0.7037,                 0.7587,                0.41602,                 1.5497,                 1.6634,                 2.1114,               0.005248,               0.005248,               0.005248
                     26,                 1.5835,                 1.4792,                 2.0361,                  0.827,                0.68197,                0.80011,                0.45071,                 1.5302,                 1.5186,                 2.1217,                0.00505,                0.00505,                0.00505
                     27,                 1.6093,                 1.4765,                 2.0442,                0.76643,                0.68287,                0.77781,                0.41068,                 1.5608,                 1.5369,                 2.1318,               0.004852,               0.004852,               0.004852
                     28,                 1.5251,                 1.4186,                 1.9898,                0.77661,                0.70905,                0.79428,                 0.4258,                 1.5493,                 1.4203,                 2.1038,               0.004654,               0.004654,               0.004654
                     29,                  1.513,                 1.4198,                 1.9704,                0.70914,                0.79386,                0.79599,                0.44524,                 1.4779,                 1.3944,                 2.0461,               0.004456,               0.004456,               0.004456
                     30,                  1.492,                 1.3937,                 1.9314,                0.77784,                0.79659,                0.81935,                0.45687,                 1.5398,                 1.3872,                 2.0813,               0.004258,               0.004258,               0.004258
                     31,                 1.4663,                 1.3184,                  1.916,                0.81656,                0.75972,                0.84318,                0.46738,                 1.4886,                 1.3576,                 2.0131,                0.00406,                0.00406,                0.00406
                     32,                 1.4679,                 1.3215,                 1.9049,                0.72617,                0.62598,                0.73431,                 0.3875,                 1.4817,                 1.6025,                 2.0464,               0.003862,               0.003862,               0.003862
                     33,                  1.452,                 1.2839,                 1.9021,                0.80163,                 0.7896,                0.84438,                0.49041,                 1.5173,                 1.2887,                 2.0325,               0.003664,               0.003664,               0.003664
                     34,                 1.4255,                 1.2692,                   1.88,                 0.8345,                0.81915,                0.85197,                0.45202,                 1.5207,                  1.272,                 2.0144,               0.003466,               0.003466,               0.003466
                     35,                 1.4299,                 1.2858,                 1.8959,                 0.8239,                0.78208,                 0.8386,                 0.4552,                 1.5052,                 1.3236,                 2.0173,               0.003268,               0.003268,               0.003268
                     36,                 1.4046,                 1.2304,                 1.8476,                0.81515,                 0.7795,                0.83601,                0.47876,                 1.4175,                 1.3267,                 1.9469,                0.00307,                0.00307,                0.00307
                     37,                 1.4158,                 1.2662,                 1.8595,                  0.792,                0.79145,                0.85037,                0.44353,                 1.4532,                 1.2552,                 2.0045,               0.002872,               0.002872,               0.002872
                     38,                 1.3984,                 1.2546,                 1.8492,                0.82395,                0.75587,                0.84765,                0.46183,                 1.4993,                 1.2701,                 2.0398,               0.002674,               0.002674,               0.002674
                     39,                 1.4098,                 1.2487,                 1.8559,                0.90696,                0.75694,                0.87445,                 0.5039,                 1.3968,                  1.162,                 1.9305,               0.002476,               0.002476,               0.002476
                     40,                 1.3764,                 1.2015,                  1.821,                0.87517,                0.84344,                0.90783,                0.54326,                 1.3705,                 1.1062,                 1.9398,               0.002278,               0.002278,               0.002278
                     41,                 1.3495,                 1.1772,                 1.7806,                0.84106,                0.81414,                0.87279,                0.51008,                 1.3829,                 1.1731,                 1.8879,                0.00208,                0.00208,                0.00208
                     42,                 1.3639,                 1.2035,                 1.8293,                0.81039,                0.88426,                 0.8841,                0.52274,                 1.4099,                 1.1925,                 1.9268,               0.001882,               0.001882,               0.001882
                     43,                 1.3305,                 1.1862,                 1.7919,                0.88993,                0.77049,                0.88962,                0.53455,                 1.3397,                  1.093,                  1.877,               0.001684,               0.001684,               0.001684
                     44,                 1.3394,                 1.1987,                 1.7695,                0.86188,                0.81331,                0.90776,                0.51893,                  1.357,                 1.0572,                 1.8618,               0.001486,               0.001486,               0.001486
                     45,                 1.3289,                 1.1535,                 1.7777,                0.79185,                0.87069,                0.88177,                0.50028,                 1.3925,                 1.0907,                 1.9147,               0.001288,               0.001288,               0.001288
                     46,                 1.2963,                 1.1492,                 1.7439,                0.86133,                 0.8287,                0.88572,                0.54206,                 1.3155,                 1.0558,                 1.8394,                0.00109,                0.00109,                0.00109
                     47,                 1.2889,                  1.114,                 1.7358,                0.84891,                0.83412,                0.89129,                 0.5354,                 1.2778,                 1.0836,                 1.8096,               0.000892,               0.000892,               0.000892
                     48,                 1.3001,                 1.1236,                 1.7425,                0.84748,                0.82639,                0.87745,                0.51074,                  1.338,                 1.0689,                 1.8424,               0.000694,               0.000694,               0.000694
                     49,                 1.2636,                 1.0862,                 1.7205,                0.84764,                0.86514,                0.89092,                0.53127,                 1.3013,                 1.0068,                 1.8253,               0.000496,               0.000496,               0.000496
